N,M,Implementation,Time,Cycles,Instructions,IPC,branch_miss_pct,llc_miss_pct,Seq
100,1024,Pallene,1.447635456,4754133221,17608903480,3.70,0.37,1.37,1
100,1024,LuaJIT 2.1,1.443941324,4739233891,13221805513,2.79,0.33,5.61,1
100,1024,No Check,1.218591803,4006864682,8311912804,2.07,0.98,0.01,1
100,1024,Pallene,1.448201204,4761661654,17608905559,3.70,0.37,3.61,2
100,1024,LuaJIT 2.1,1.441593726,4730783580,13220213457,2.79,0.33,0.65,2
100,1024,No Check,1.227330601,4037659381,8311912238,2.06,0.98,0.22,2
100,1024,Pallene,1.465655718,4822554095,17608904292,3.65,0.37,0.26,3
100,1024,LuaJIT 2.1,1.437758540,4723441946,13220218274,2.80,0.33,0.18,3
100,1024,No Check,1.221302607,4017116303,8311912736,2.07,0.98,0.12,3
100,1024,Pallene,1.451946090,4775906473,17608904438,3.69,0.37,0.18,4
100,1024,LuaJIT 2.1,1.435705389,4714385142,13220414434,2.80,0.33,0.27,4
100,1024,No Check,1.218416782,4005637671,8311912229,2.08,0.98,0.06,4
100,1024,Pallene,1.466114902,4823575039,17608904960,3.65,0.37,0.28,5
100,1024,LuaJIT 2.1,1.436730752,4712754579,13218873055,2.80,0.33,0.25,5
100,1024,No Check,1.229449282,4041303540,8311913649,2.06,0.98,0.09,5
100,1024,Pallene,1.475050793,4851397798,17608905782,3.63,0.38,0.14,6
100,1024,LuaJIT 2.1,1.437117446,4721068884,13220211746,2.80,0.33,0.24,6
100,1024,No Check,1.242366310,4086883311,8311912853,2.03,0.98,0.52,6
100,1024,Pallene,1.477181344,4858796659,17608905962,3.62,0.37,0.51,7
100,1024,LuaJIT 2.1,1.433696133,4713997656,13224367467,2.81,0.33,0.21,7
100,1024,No Check,1.239587031,4077868204,8311914196,2.04,0.98,0.31,7
100,1024,Pallene,1.452747128,4780414099,17608903921,3.68,0.37,0.08,8
100,1024,LuaJIT 2.1,1.434762557,4710945773,13220215890,2.81,0.33,0.31,8
100,1024,No Check,1.222832330,4021128608,8311911803,2.07,0.98,0.36,8
100,1024,Pallene,1.474266508,4850437154,17608904498,3.63,0.37,0.22,9
100,1024,LuaJIT 2.1,1.433796224,4710507506,13220215038,2.81,0.33,0.23,9
100,1024,No Check,1.228454372,4040531241,8311912868,2.06,0.98,0.11,9
100,1024,Pallene,1.458086205,4797638144,17608905747,3.67,0.37,0.50,10
100,1024,LuaJIT 2.1,1.434319094,4712224022,13220214857,2.81,0.33,0.26,10
100,1024,No Check,1.230765017,4047713709,8311913308,2.05,0.98,0.12,10
100,1024,Pallene,1.458065280,4796582789,17608903972,3.67,0.37,0.36,11
100,1024,LuaJIT 2.1,1.436225257,4712846921,13220211629,2.81,0.33,0.28,11
100,1024,No Check,1.234296284,4060583641,8311911176,2.05,0.98,0.27,11
100,1024,Pallene,1.463599962,4814727544,17608903927,3.66,0.37,0.32,12
100,1024,LuaJIT 2.1,1.434322371,4711229156,13221925040,2.81,0.33,0.43,12
100,1024,No Check,1.229102357,4041569379,8311912811,2.06,0.98,0.20,12
100,1024,Pallene,1.459995971,4803642366,17608903815,3.67,0.37,0.20,13
100,1024,LuaJIT 2.1,1.436084205,4713171074,13220214211,2.80,0.33,0.30,13
100,1024,No Check,1.253952466,4122851882,8311910944,2.02,0.98,0.28,13
100,1024,Pallene,1.465915119,4823683797,17608903606,3.65,0.37,0.30,14
100,1024,LuaJIT 2.1,1.433393562,4705197818,13220208332,2.81,0.33,0.19,14
100,1024,No Check,1.238961772,4075119952,8311914076,2.04,0.98,0.29,14
100,1024,Pallene,1.467173452,4826490173,17608904314,3.65,0.37,0.43,15
100,1024,LuaJIT 2.1,1.437493763,4720445479,13220385776,2.80,0.33,0.14,15
100,1024,No Check,1.230100807,4045790837,8311911937,2.05,0.98,0.34,15
100,1024,Pallene,1.462099122,4809641522,17608903948,3.66,0.37,0.39,16
100,1024,LuaJIT 2.1,1.434054521,4709058644,13218511280,2.81,0.33,0.18,16
100,1024,No Check,1.220960334,4016573184,8311911636,2.07,0.98,0.06,16
100,1024,Pallene,1.449789781,4770025239,17608905323,3.69,0.37,0.18,17
100,1024,LuaJIT 2.1,1.431915497,4703881518,13220220497,2.81,0.33,0.18,17
100,1024,No Check,1.226674544,4032578798,8311911671,2.06,0.98,0.10,17
100,1024,Pallene,1.465569135,4821360615,17608903982,3.65,0.37,0.16,18
100,1024,LuaJIT 2.1,1.438513830,4720617015,13219518896,2.80,0.33,0.32,18
100,1024,No Check,1.223227099,4024133817,8311912641,2.07,0.98,0.16,18
100,1024,Pallene,1.451294156,4772525525,17608905042,3.69,0.37,0.15,19
100,1024,LuaJIT 2.1,1.435619308,4714596864,13219142613,2.80,0.33,0.19,19
100,1024,No Check,1.245882685,4098934798,8311912296,2.03,0.98,0.12,19
100,1024,Pallene,1.463840628,4814947343,17608904275,3.66,0.37,0.24,20
100,1024,LuaJIT 2.1,1.430414209,4698407246,13220215615,2.81,0.33,0.39,20
100,1024,No Check,1.229523399,4040200387,8311912839,2.06,0.98,0.17,20
100,1024,Pallene,1.472201654,4836905261,17608904393,3.64,0.37,1.06,21
100,1024,LuaJIT 2.1,1.434925227,4710219585,13220216023,2.81,0.33,0.24,21
100,1024,No Check,1.227777479,4037694735,8311913108,2.06,0.98,0.53,21
100,1024,Pallene,1.446225806,4758205738,17608905173,3.70,0.37,0.62,22
100,1024,LuaJIT 2.1,1.442207022,4735517474,13220206886,2.79,0.33,0.60,22
100,1024,No Check,1.229880540,4040090432,8311912712,2.06,1.02,0.17,22
100,1024,Pallene,1.468747594,4832907464,17608905332,3.64,0.37,0.22,23
100,1024,LuaJIT 2.1,1.436131071,4716466987,13218927912,2.80,0.33,0.36,23
100,1024,No Check,1.255108308,4128301708,8311913800,2.01,0.98,0.40,23
100,1024,Pallene,1.467784517,4826427168,17608904378,3.65,0.37,0.35,24
100,1024,LuaJIT 2.1,1.432690142,4704649061,13223607805,2.81,0.33,0.27,24
100,1024,No Check,1.239998506,4079373475,8311912816,2.04,0.98,0.27,24
100,1024,Pallene,1.456960383,4792667304,17608904932,3.67,0.37,0.13,25
100,1024,LuaJIT 2.1,1.440288971,4728090299,13220214038,2.80,0.33,0.26,25
100,1024,No Check,1.237270455,4067805319,8311912107,2.04,0.98,0.47,25
100,1024,Pallene,1.457097209,4790315417,17608904898,3.68,0.37,0.67,26
100,1024,LuaJIT 2.1,1.434604858,4708211561,13218841357,2.81,0.33,0.30,26
100,1024,No Check,1.227742562,4038691582,8311911951,2.06,0.98,0.62,26
100,1024,Pallene,1.454251415,4785400774,17608905333,3.68,0.37,0.19,27
100,1024,LuaJIT 2.1,1.435451958,4712084623,13220212058,2.81,0.33,0.21,27
100,1024,No Check,1.223117345,4023912156,8311913806,2.07,0.98,0.48,27
100,1024,Pallene,1.459332598,4799281719,17608904087,3.67,0.37,0.60,28
100,1024,LuaJIT 2.1,1.435652969,4711560054,13220283383,2.81,0.33,0.74,28
100,1024,No Check,1.233930067,4059115276,8311913699,2.05,0.98,0.59,28
100,1024,Pallene,1.453526851,4779952681,17608904686,3.68,0.37,0.78,29
100,1024,LuaJIT 2.1,1.429435228,4697541182,13222333780,2.81,0.33,0.27,29
100,1024,No Check,1.234924029,4057726085,8311913138,2.05,0.98,0.21,29
100,1024,Pallene,1.446188484,4758452512,17608904565,3.70,0.37,0.07,30
100,1024,LuaJIT 2.1,1.435419446,4712733894,13220213367,2.81,0.33,0.12,30
100,1024,No Check,1.209599746,3978894065,8311912529,2.09,0.98,0.21,30
100,1024,Pallene,1.472142563,4841326087,17608903933,3.64,0.37,0.17,31
100,1024,LuaJIT 2.1,1.438879131,4722186875,13220217554,2.80,0.33,0.19,31
100,1024,No Check,1.238322422,4073435274,8311912240,2.04,0.98,0.51,31
100,1024,Pallene,1.470234184,4837687428,17608904131,3.64,0.37,0.55,32
100,1024,LuaJIT 2.1,1.433989154,4708212594,13220214224,2.81,0.33,0.21,32
100,1024,No Check,1.260429120,4146751286,8311912425,2.00,0.98,0.80,32
100,1024,Pallene,1.466022558,4821510210,17608905092,3.65,0.37,0.42,33
100,1024,LuaJIT 2.1,1.431718703,4700841407,13223471001,2.81,0.33,0.12,33
100,1024,No Check,1.240685096,4079109971,8311912198,2.04,0.98,0.92,33
100,1024,Pallene,1.454629759,4783753997,17608904763,3.68,0.37,0.12,34
100,1024,LuaJIT 2.1,1.431987887,4701688207,13220314722,2.81,0.33,0.15,34
100,1024,No Check,1.227630797,4037525250,8311912037,2.06,0.98,0.15,34
100,1024,Pallene,1.448517690,4765065961,17608904030,3.70,0.37,0.07,35
100,1024,LuaJIT 2.1,1.432914387,4705319926,13221451216,2.81,0.33,0.11,35
100,1024,No Check,1.249241441,4107277051,8311912566,2.02,0.98,0.71,35
100,1024,Pallene,1.475248108,4852822168,17608904241,3.63,0.37,0.79,36
100,1024,LuaJIT 2.1,1.437914435,4720030801,13220216281,2.80,0.33,0.90,36
100,1024,No Check,1.224904505,4028374988,8311912831,2.06,0.98,0.14,36
100,1024,Pallene,1.444009196,4751236679,17608904843,3.71,0.37,0.06,37
100,1024,LuaJIT 2.1,1.436629919,4714372368,13220198957,2.80,0.33,0.22,37
100,1024,No Check,1.239913310,4079206352,8311912519,2.04,0.98,0.07,37
100,1024,Pallene,1.465612845,4820002493,17608904057,3.65,0.37,0.16,38
100,1024,LuaJIT 2.1,1.438827971,4722594453,13220214192,2.80,0.33,0.14,38
100,1024,No Check,1.230916055,4046661432,8311913871,2.05,0.98,0.68,38
100,1024,Pallene,1.440151316,4737710212,17608904669,3.72,0.37,0.12,39
100,1024,LuaJIT 2.1,1.433380357,4705786672,13220209146,2.81,0.33,0.40,39
100,1024,No Check,1.225288707,4028953505,8311912026,2.06,0.98,0.23,39
100,1024,Pallene,1.456683137,4789772963,17608904284,3.68,0.37,0.23,40
100,1024,LuaJIT 2.1,1.437359428,4719683059,13219690085,2.80,0.33,0.52,40
100,1024,No Check,1.234681584,4062151597,8311912170,2.05,0.98,0.40,40
100,1024,Pallene,1.446639700,4756900613,17608905605,3.70,0.37,0.19,41
100,1024,LuaJIT 2.1,1.436129837,4714137875,13220207515,2.80,0.33,0.43,41
100,1024,No Check,1.248832477,4108343198,8311913644,2.02,0.98,0.76,41
100,1024,Pallene,1.475738581,4855097407,17608903927,3.63,0.37,0.38,42
100,1024,LuaJIT 2.1,1.432993983,4709563485,13222115274,2.81,0.33,0.48,42
100,1024,No Check,1.227670196,4038981354,8311911783,2.06,0.98,0.27,42
200,128,Pallene,1.453255835,4775744115,16870658037,3.53,0.18,16.26,1
200,128,LuaJIT 2.1,1.273392755,4166109538,12100463784,2.90,0.17,1.85,1
200,128,No Check,1.226356563,4028612697,7619304675,1.89,0.51,10.46,1
200,128,Pallene,1.402734099,4610182135,16870656113,3.66,0.18,10.64,2
200,128,LuaJIT 2.1,1.273583900,4170020534,12102031687,2.90,0.17,1.86,2
200,128,No Check,1.204302694,3956221178,7619305016,1.93,0.51,7.58,2
200,128,Pallene,1.525474578,5015201126,16870656626,3.36,0.18,20.80,3
200,128,LuaJIT 2.1,1.277162337,4181267161,12101573228,2.89,0.17,3.26,3
200,128,No Check,1.359408120,4466398953,7619305929,1.71,0.51,18.54,3
200,128,Pallene,1.486076354,4885845555,16870657489,3.45,0.18,16.01,4
200,128,LuaJIT 2.1,1.274904892,4169605840,12099049042,2.90,0.17,1.77,4
200,128,No Check,1.168340598,3837019858,7619305984,1.99,0.51,6.80,4
200,128,Pallene,1.402216299,4611104515,16870656868,3.66,0.18,10.99,5
200,128,LuaJIT 2.1,1.273200188,4168931966,12101533465,2.90,0.17,0.97,5
200,128,No Check,1.272113418,4180066800,7619305655,1.82,0.51,12.19,5
200,128,Pallene,1.426234981,4687841416,16870657310,3.60,0.18,12.76,6
200,128,LuaJIT 2.1,1.277403078,4181310832,12102358788,2.89,0.17,2.26,6
200,128,No Check,1.238029604,4067824461,7619304501,1.87,0.51,11.52,6
200,128,Pallene,1.359829841,4466106968,16870658938,3.78,0.18,6.61,7
200,128,LuaJIT 2.1,1.274799440,4171033794,12099056325,2.90,0.17,2.68,7
200,128,No Check,1.233287940,4048967291,7619305190,1.88,0.51,9.84,7
200,128,Pallene,1.478760809,4860102964,16870657821,3.47,0.18,17.60,8
200,128,LuaJIT 2.1,1.275065067,4172418439,12100302826,2.90,0.17,2.36,8
200,128,No Check,1.254530730,4121158338,7619305398,1.85,0.51,12.20,8
200,128,Pallene,1.495536680,4913291394,16870657479,3.43,0.18,19.03,9
200,128,LuaJIT 2.1,1.275107886,4175790449,12102223124,2.90,0.17,3.00,9
200,128,No Check,1.316770678,4327431795,7619303866,1.76,0.51,15.83,9
200,128,Pallene,1.528876232,5024958977,16870656953,3.36,0.18,20.17,10
200,128,LuaJIT 2.1,1.276659546,4178814890,12101218271,2.90,0.17,3.28,10
200,128,No Check,1.229883039,4039198618,7619306024,1.89,0.51,11.51,10
200,128,Pallene,1.552831251,5103831407,16870657209,3.31,0.18,23.02,11
200,128,LuaJIT 2.1,1.278360105,4182744988,12101520706,2.89,0.17,3.92,11
200,128,No Check,1.375458021,4519558286,7619304759,1.69,0.51,19.43,11
200,128,Pallene,1.367776341,4494662598,16870657723,3.75,0.18,7.03,12
200,128,LuaJIT 2.1,1.273569094,4165534090,12100128975,2.90,0.17,2.60,12
200,128,No Check,1.287498057,4229572789,7619304787,1.80,0.51,15.19,12
200,128,Pallene,1.543101878,5075155532,16870657720,3.32,0.18,22.45,13
200,128,LuaJIT 2.1,1.274280827,4170448646,12101521732,2.90,0.17,2.09,13
200,128,No Check,1.299013005,4270232128,7619306165,1.78,0.51,16.37,13
200,128,Pallene,1.411942064,4638987616,16870658675,3.64,0.18,12.27,14
200,128,LuaJIT 2.1,1.274678006,4167505560,12098737935,2.90,0.17,1.68,14
200,128,No Check,1.238987933,4071790069,7619304979,1.87,0.51,11.80,14
200,128,Pallene,1.513417969,4971868330,16870658072,3.39,0.18,20.54,15
200,128,LuaJIT 2.1,1.275114431,4173228924,12102162840,2.90,0.17,3.07,15
200,128,No Check,1.187483173,3902249760,7619303945,1.95,0.51,7.79,15
200,128,Pallene,1.390401546,4571192460,16870658314,3.69,0.18,9.97,16
200,128,LuaJIT 2.1,1.273592196,4168946556,12101307307,2.90,0.17,1.83,16
200,128,No Check,1.310115904,4307453179,7619305239,1.77,0.51,15.90,16
200,128,Pallene,1.561636228,5133836959,16870656468,3.29,0.18,23.06,17
200,128,LuaJIT 2.1,1.272991775,4164125571,12099219679,2.91,0.17,0.75,17
200,128,No Check,1.190253563,3909393214,7619304261,1.95,0.51,7.86,17
200,128,Pallene,1.464801535,4816155267,16870657848,3.50,0.18,15.61,18
200,128,LuaJIT 2.1,1.276422785,4172335390,12098234570,2.90,0.17,2.35,18
200,128,No Check,1.181223777,3883153954,7619305012,1.96,0.51,6.58,18
200,128,Pallene,1.377492082,4529574010,16870657769,3.72,0.18,9.06,19
200,128,LuaJIT 2.1,1.274283360,4168673681,12100475975,2.90,0.17,1.59,19
200,128,No Check,1.203018911,3950121605,7619305530,1.93,0.51,7.36,19
200,128,Pallene,1.431880378,4707745169,16870656847,3.58,0.18,13.39,20
200,128,LuaJIT 2.1,1.275660634,4170239963,12099082393,2.90,0.17,2.27,20
200,128,No Check,1.199426498,3943165735,7619304396,1.93,0.51,8.84,20
200,128,Pallene,1.490074167,4896474858,16870656390,3.45,0.18,18.59,21
200,128,LuaJIT 2.1,1.275060433,4170347911,12101199826,2.90,0.17,1.85,21
200,128,No Check,1.257506888,4134008064,7619304281,1.84,0.51,13.12,21
200,128,Pallene,1.427889967,4691432033,16870657335,3.60,0.18,13.32,22
200,128,LuaJIT 2.1,1.275935063,4170457992,12098225984,2.90,0.17,2.13,22
200,128,No Check,1.208312315,3972375663,7619303802,1.92,0.51,9.43,22
200,128,Pallene,1.404730690,4615660604,16870656554,3.66,0.18,10.13,23
200,128,LuaJIT 2.1,1.275874912,4175862059,12101172208,2.90,0.17,3.23,23
200,128,No Check,1.241965991,4079569538,7619303849,1.87,0.51,11.76,23
200,128,Pallene,1.417835663,4660288656,16870658562,3.62,0.18,12.73,24
200,128,LuaJIT 2.1,1.279069780,4185776837,12101546995,2.89,0.17,4.53,24
200,128,No Check,1.337193387,4396932131,7619305825,1.73,0.51,17.13,24
200,128,Pallene,1.491293476,4901841924,16870656887,3.44,0.18,18.64,25
200,128,LuaJIT 2.1,1.276323675,4175411754,12102063516,2.90,0.17,2.79,25
200,128,No Check,1.303764426,4285376655,7619305748,1.78,0.51,15.79,25
200,128,Pallene,1.484653337,4878316387,16870655841,3.46,0.18,18.68,26
200,128,LuaJIT 2.1,1.275335571,4177674763,12101385426,2.90,0.17,1.64,26
200,128,No Check,1.421739509,4672292237,7619304154,1.63,0.51,21.38,26
200,128,Pallene,1.611083626,5298972912,16870656851,3.18,0.18,24.80,27
200,128,LuaJIT 2.1,1.277785962,4182114187,12102321369,2.89,0.17,2.80,27
200,128,No Check,1.188769349,3904383996,7619304893,1.95,0.51,7.65,27
200,128,Pallene,1.343240573,4413062424,16870656935,3.82,0.18,3.51,28
200,128,LuaJIT 2.1,1.274416383,4171557858,12101522704,2.90,0.17,1.42,28
200,128,No Check,1.205642763,3960908443,7619303667,1.92,0.51,9.29,28
200,128,Pallene,1.399741279,4601984527,16870656801,3.67,0.18,10.47,29
200,128,LuaJIT 2.1,1.272992334,4161709887,12099972993,2.91,0.17,1.36,29
200,128,No Check,1.261378176,4146698927,7619305101,1.84,0.51,11.14,29
200,128,Pallene,1.496889157,4918066050,16870657124,3.43,0.18,20.01,30
200,128,LuaJIT 2.1,1.277896468,4184360832,12101521499,2.89,0.17,3.08,30
200,128,No Check,1.397262252,4589200646,7619304762,1.66,0.51,21.11,30
200,128,Pallene,1.497700328,4921160796,16870657621,3.43,0.18,18.03,31
200,128,LuaJIT 2.1,1.275308026,4171756155,12099585525,2.90,0.17,3.92,31
200,128,No Check,1.288181861,4232721217,7619304405,1.80,0.51,14.90,31
200,128,Pallene,1.566439374,5147994890,16870658163,3.28,0.18,23.89,32
200,128,LuaJIT 2.1,1.272736745,4164104552,12102212187,2.91,0.17,1.71,32
200,128,No Check,1.262120388,4149130790,7619305970,1.84,0.51,11.44,32
200,128,Pallene,1.411343789,4640295420,16870656643,3.64,0.18,11.66,33
200,128,LuaJIT 2.1,1.271914294,4165032564,12101367958,2.91,0.17,0.90,33
200,128,No Check,1.242293438,4080375268,7619304279,1.87,0.51,12.00,33
200,128,Pallene,1.636005480,5375447577,16870656616,3.14,0.18,24.84,34
200,128,LuaJIT 2.1,1.273150609,4164839183,12101742219,2.91,0.17,1.22,34
200,128,No Check,1.183592612,3886628123,7619305067,1.96,0.51,7.06,34
200,128,Pallene,1.549016533,5094358261,16870657187,3.31,0.18,21.09,35
200,128,LuaJIT 2.1,1.276827754,4180221440,12100322136,2.89,0.17,2.43,35
200,128,No Check,1.374550621,4520026709,7619304708,1.69,0.51,20.00,35
200,128,Pallene,1.365741759,4490576221,16870657541,3.76,0.18,5.96,36
200,128,LuaJIT 2.1,1.274168091,4165641589,12099987127,2.90,0.17,1.38,36
200,128,No Check,1.371072590,4508272510,7619305764,1.69,0.51,19.75,36
200,128,Pallene,1.549976383,5094733410,16870657952,3.31,0.18,23.05,37
200,128,LuaJIT 2.1,1.278179524,4182656337,12101830957,2.89,0.17,3.12,37
200,128,No Check,1.244317403,4087435640,7619304560,1.86,0.51,11.12,37
200,128,Pallene,1.459753776,4798232677,16870657316,3.52,0.18,15.64,38
200,128,LuaJIT 2.1,1.277553452,4179849401,12101529298,2.90,0.17,3.39,38
200,128,No Check,1.286109791,4228968093,7619304044,1.80,0.51,14.82,38
200,128,Pallene,1.347677634,4429025418,16870657924,3.81,0.18,3.59,39
200,128,LuaJIT 2.1,1.271588794,4160485375,12101886766,2.91,0.17,0.99,39
200,128,No Check,1.243346685,4085185812,7619304972,1.87,0.51,12.04,39
200,128,Pallene,1.425163718,4685823164,16870657092,3.60,0.18,14.31,40
200,128,LuaJIT 2.1,1.276035537,4174094944,12100542050,2.90,0.17,1.50,40
200,128,No Check,1.244740044,4088738140,7619304635,1.86,0.51,12.41,40
200,128,Pallene,1.447438839,4759484194,16870658267,3.54,0.18,14.55,41
200,128,LuaJIT 2.1,1.276176687,4175414219,12101853963,2.90,0.17,3.71,41
200,128,No Check,1.274603161,4185272461,7619305075,1.82,0.51,14.46,41
200,128,Pallene,1.480413200,4866185073,16870657587,3.47,0.18,18.69,42
200,128,LuaJIT 2.1,1.277772312,4183887559,12101715729,2.89,0.17,2.56,42
200,128,No Check,1.341286428,4409371302,7619305554,1.73,0.51,18.38,42
400,16,Pallene,2.724357555,8941186599,16641298537,1.86,0.09,49.38,1
400,16,LuaJIT 2.1,1.506301565,4924447837,11656965240,2.37,0.09,38.66,1
400,16,No Check,2.701672591,8869375018,7407516701,0.84,0.25,51.10,1
400,16,Pallene,2.751010002,9029987208,16641299721,1.84,0.09,49.77,2
400,16,LuaJIT 2.1,1.466554885,4797281469,11656925291,2.43,0.09,37.02,2
400,16,No Check,2.757225399,9052816101,7407516825,0.82,0.25,51.15,2
400,16,Pallene,2.792750233,9168133523,16641298848,1.82,0.09,49.63,3
400,16,LuaJIT 2.1,1.487229963,4864601502,11657047834,2.40,0.09,37.73,3
400,16,No Check,2.691859910,8835146006,7407517449,0.84,0.25,49.76,3
400,16,Pallene,2.770153349,9091974397,16641298942,1.83,0.09,48.68,4
400,16,LuaJIT 2.1,1.468990492,4802043251,11656960057,2.43,0.09,37.49,4
400,16,No Check,2.702110004,8866649868,7407517276,0.84,0.25,51.01,4
400,16,Pallene,2.735180119,8975311079,16641300895,1.85,0.09,50.00,5
400,16,LuaJIT 2.1,1.474627643,4823081772,11657109417,2.42,0.09,37.02,5
400,16,No Check,2.705284500,8880406022,7407516603,0.83,0.25,51.33,5
400,16,Pallene,2.741200673,8997991031,16641299039,1.85,0.09,49.44,6
400,16,LuaJIT 2.1,1.485790425,4858004085,11656953819,2.40,0.09,38.09,6
400,16,No Check,2.653129644,8708103691,7407516822,0.85,0.25,50.78,6
400,16,Pallene,2.708509982,8886846587,16641300090,1.87,0.09,49.51,7
400,16,LuaJIT 2.1,1.470891630,4807180635,11656897236,2.42,0.09,36.54,7
400,16,No Check,2.716794572,8915512009,7407518203,0.83,0.25,50.18,7
400,16,Pallene,2.742460633,9001114937,16641299755,1.85,0.09,49.35,8
400,16,LuaJIT 2.1,1.513546713,4952662011,11656933698,2.35,0.09,38.64,8
400,16,No Check,2.696802615,8851956834,7407515346,0.84,0.25,51.29,8
400,16,Pallene,2.717948208,8921239317,16641298409,1.87,0.09,49.18,9
400,16,LuaJIT 2.1,1.465039431,4791964719,11657087296,2.43,0.09,37.02,9
400,16,No Check,2.713439670,8907948783,7407516613,0.83,0.25,50.95,9
400,16,Pallene,2.755515731,9041799543,16641299109,1.84,0.09,50.01,10
400,16,LuaJIT 2.1,1.494589625,4884931382,11656998852,2.39,0.09,38.34,10
400,16,No Check,2.700011373,8859722528,7407516894,0.84,0.25,51.12,10
400,16,Pallene,2.750007350,9025590803,16641300158,1.84,0.09,49.94,11
400,16,LuaJIT 2.1,1.476958380,4830932509,11657078885,2.41,0.09,37.26,11
400,16,No Check,2.685394156,8814896175,7407516260,0.84,0.25,50.74,11
400,16,Pallene,2.741208796,8997616362,16641300294,1.85,0.09,48.21,12
400,16,LuaJIT 2.1,1.449621369,4741831642,11656973335,2.46,0.09,36.69,12
400,16,No Check,2.674595817,8779667741,7407517463,0.84,0.25,51.21,12
400,16,Pallene,2.733863412,8971567513,16641298823,1.85,0.09,49.88,13
400,16,LuaJIT 2.1,1.480307329,4839316227,11657085082,2.41,0.09,37.61,13
400,16,No Check,2.720286299,8927821326,7407516859,0.83,0.25,51.51,13
400,16,Pallene,2.768600765,9087033391,16641299956,1.83,0.09,49.68,14
400,16,LuaJIT 2.1,1.456292970,4764242085,11657075587,2.45,0.09,37.03,14
400,16,No Check,2.721569894,8929491013,7407517098,0.83,0.25,51.38,14
400,16,Pallene,2.766899512,9082156119,16641299670,1.83,0.09,50.19,15
400,16,LuaJIT 2.1,1.489838442,4870299605,11657003960,2.39,0.09,38.12,15
400,16,No Check,2.697756626,8854017477,7407517727,0.84,0.25,51.34,15
400,16,Pallene,2.750464165,9023693030,16641298772,1.84,0.09,50.05,16
400,16,LuaJIT 2.1,1.477944884,4830404692,11656941628,2.41,0.09,36.78,16
400,16,No Check,2.733744394,8972595836,7407516659,0.83,0.25,51.37,16
400,16,Pallene,2.764511836,9076090677,16641298701,1.83,0.09,50.17,17
400,16,LuaJIT 2.1,1.493052086,4882478403,11657053917,2.39,0.09,37.82,17
400,16,No Check,2.671003978,8766370616,7407516594,0.84,0.25,51.22,17
400,16,Pallene,2.683889530,8809104003,16641299718,1.89,0.09,48.91,18
400,16,LuaJIT 2.1,1.445227964,4724598213,11656989382,2.47,0.09,36.03,18
400,16,No Check,2.715436629,8914505928,7407517155,0.83,0.25,51.36,18
400,16,Pallene,2.753306736,9037895489,16641299443,1.84,0.09,49.61,19
400,16,LuaJIT 2.1,1.461424774,4780238773,11656965666,2.44,0.09,36.84,19
400,16,No Check,2.723285605,8934642435,7407517837,0.83,0.25,51.22,19
400,16,Pallene,2.771186692,9094056636,16641298151,1.83,0.09,50.07,20
400,16,LuaJIT 2.1,1.492714128,4882414789,11657087245,2.39,0.09,37.85,20
400,16,No Check,2.670783416,8766432034,7407516735,0.84,0.25,50.26,20
400,16,Pallene,2.744010381,9008380508,16641298705,1.85,0.09,49.70,21
400,16,LuaJIT 2.1,1.469665509,4806575570,11656998272,2.43,0.09,37.15,21
400,16,No Check,2.708181479,8888918686,7407516646,0.83,0.25,50.92,21
400,16,Pallene,2.739614876,8992849296,16641299571,1.85,0.09,49.62,22
400,16,LuaJIT 2.1,1.503506156,4917684518,11657024967,2.37,0.09,37.49,22
400,16,No Check,2.704342664,8875547334,7407517265,0.83,0.25,50.85,22
400,16,Pallene,2.740612307,8993968760,16641299975,1.85,0.09,48.70,23
400,16,LuaJIT 2.1,1.494277094,4888713942,11657033939,2.38,0.09,37.89,23
400,16,No Check,2.709109136,8890609506,7407518216,0.83,0.25,50.66,23
400,16,Pallene,2.756365014,9049271263,16641299581,1.84,0.09,49.72,24
400,16,LuaJIT 2.1,1.455786072,4757013888,11656994915,2.45,0.09,36.84,24
400,16,No Check,2.681694714,8800861702,7407517785,0.84,0.25,50.72,24
400,16,Pallene,2.701511695,8868597276,16641298862,1.88,0.09,49.26,25
400,16,LuaJIT 2.1,1.504242231,4919192541,11657042162,2.37,0.09,37.84,25
400,16,No Check,2.720636553,8928641103,7407517660,0.83,0.25,50.77,25
400,16,Pallene,2.742944787,9003711009,16641298961,1.85,0.09,48.39,26
400,16,LuaJIT 2.1,1.454648174,4759176484,11657079085,2.45,0.09,36.63,26
400,16,No Check,2.686438238,8815917355,7407516942,0.84,0.25,50.74,26
400,16,Pallene,2.744090788,9006583629,16641299909,1.85,0.09,49.39,27
400,16,LuaJIT 2.1,1.486721954,4861061155,11657103988,2.40,0.09,37.25,27
400,16,No Check,2.699668297,8861104420,7407518023,0.84,0.25,50.15,27
400,16,Pallene,2.718642266,8923450382,16641299764,1.86,0.09,49.18,28
400,16,LuaJIT 2.1,1.463743168,4786034546,11657088589,2.44,0.09,36.92,28
400,16,No Check,2.696554949,8852165892,7407517319,0.84,0.25,50.96,28
400,16,Pallene,2.760630232,9060846090,16641300135,1.84,0.09,49.33,29
400,16,LuaJIT 2.1,1.509314262,4935917014,11657029520,2.36,0.09,37.90,29
400,16,No Check,2.661730592,8734858906,7407516992,0.85,0.25,50.20,29
400,16,Pallene,2.729437966,8958308953,16641299340,1.86,0.09,49.44,30
400,16,LuaJIT 2.1,1.466436259,4791554447,11657070799,2.43,0.09,36.72,30
400,16,No Check,2.758618202,9054317148,7407517940,0.82,0.25,51.38,30
400,16,Pallene,2.797070419,9179713668,16641299362,1.81,0.09,49.98,31
400,16,LuaJIT 2.1,1.461658858,4778842821,11656903887,2.44,0.09,37.05,31
400,16,No Check,2.653403762,8705208061,7407516907,0.85,0.25,50.94,31
400,16,Pallene,2.721768645,8932633050,16641299774,1.86,0.09,49.82,32
400,16,LuaJIT 2.1,1.488345421,4867647443,11657168834,2.39,0.09,37.71,32
400,16,No Check,2.729386025,8956470165,7407516104,0.83,0.25,51.36,32
400,16,Pallene,2.752123945,9032978722,16641300339,1.84,0.09,49.41,33
400,16,LuaJIT 2.1,1.455349880,4755769613,11657074606,2.45,0.09,36.99,33
400,16,No Check,2.686652858,8817411207,7407517298,0.84,0.25,51.06,33
400,16,Pallene,2.755665481,9046314044,16641300122,1.84,0.09,49.46,34
400,16,LuaJIT 2.1,1.464897820,4789156642,11657075867,2.43,0.09,37.32,34
400,16,No Check,2.678921975,8791872905,7407518225,0.84,0.25,49.83,34
400,16,Pallene,2.737274681,8985472832,16641297885,1.85,0.09,49.43,35
400,16,LuaJIT 2.1,1.496664745,4894670382,11656994672,2.38,0.09,37.36,35
400,16,No Check,2.687725864,8821317030,7407516080,0.84,0.25,50.46,35
400,16,Pallene,2.717292564,8915433933,16641298128,1.87,0.09,49.17,36
400,16,LuaJIT 2.1,1.458283564,4768407674,11657029020,2.44,0.09,36.76,36
400,16,No Check,2.702745526,8868926845,7407517558,0.84,0.25,50.62,36
400,16,Pallene,2.723547878,8936363610,16641297950,1.86,0.09,49.81,37
400,16,LuaJIT 2.1,1.488970211,4869031321,11657005537,2.39,0.09,37.41,37
400,16,No Check,2.722185240,8933873925,7407517144,0.83,0.25,50.93,37
400,16,Pallene,2.773187741,9100865107,16641300025,1.83,0.09,49.63,38
400,16,LuaJIT 2.1,1.499536576,4902935085,11656965620,2.38,0.09,37.74,38
400,16,No Check,2.692556130,8836620013,7407517870,0.84,0.25,50.68,38
400,16,Pallene,2.719745959,8928147808,16641299628,1.86,0.09,49.90,39
400,16,LuaJIT 2.1,1.485016038,4858096684,11657038421,2.40,0.09,37.73,39
400,16,No Check,2.687381785,8820226376,7407517526,0.84,0.25,50.79,39
400,16,Pallene,2.752324881,9032949605,16641300265,1.84,0.09,49.44,40
400,16,LuaJIT 2.1,1.505587836,4923885019,11657089559,2.37,0.09,37.96,40
400,16,No Check,2.652012633,8705780005,7407517555,0.85,0.25,50.92,40
400,16,Pallene,2.750679176,9027755114,16641298812,1.84,0.09,49.87,41
400,16,LuaJIT 2.1,1.469699983,4807658134,11657020669,2.42,0.09,36.97,41
400,16,No Check,2.688048239,8821705356,7407517419,0.84,0.25,51.24,41
400,16,Pallene,2.741380177,8997091618,16641299765,1.85,0.09,49.56,42
400,16,LuaJIT 2.1,1.466687534,4796378826,11656981186,2.43,0.09,37.39,42
400,16,No Check,2.704111060,8876379921,7407517301,0.83,0.25,50.90,42
800,2,Pallene,2.928223942,9577266487,16689118223,1.74,0.04,49.58,1
800,2,LuaJIT 2.1,1.535857462,5024935993,11484168011,2.29,0.04,38.98,1
800,2,No Check,2.948907444,9651278371,7464148044,0.77,0.13,52.30,1
800,2,Pallene,2.918356688,9551065304,16689117499,1.75,0.04,49.05,2
800,2,LuaJIT 2.1,1.531646975,5012234348,11484164590,2.29,0.04,39.28,2
800,2,No Check,2.901591534,9498690998,7464147353,0.79,0.13,52.46,2
800,2,Pallene,2.855266207,9344806790,16689117826,1.79,0.04,49.13,3
800,2,LuaJIT 2.1,1.519727304,4970251097,11484131225,2.31,0.04,39.64,3
800,2,No Check,2.859626980,9360415932,7464148130,0.80,0.13,52.21,3
800,2,Pallene,2.854623032,9342795076,16689117824,1.79,0.04,49.16,4
800,2,LuaJIT 2.1,1.508379005,4932053654,11484193098,2.33,0.04,39.14,4
800,2,No Check,2.863957809,9371084886,7464147178,0.80,0.13,51.98,4
800,2,Pallene,2.872777138,9401519812,16689116299,1.78,0.04,48.72,5
800,2,LuaJIT 2.1,1.519803691,4971838528,11484167875,2.31,0.04,38.88,5
800,2,No Check,2.869295540,9389682562,7464147041,0.79,0.13,51.86,5
800,2,Pallene,2.863025741,9370059061,16689118734,1.78,0.04,48.68,6
800,2,LuaJIT 2.1,1.522823701,4979564248,11484217436,2.31,0.04,38.39,6
800,2,No Check,2.845124200,9311278686,7464148701,0.80,0.13,51.29,6
800,2,Pallene,2.847637123,9319194435,16689117459,1.79,0.04,49.04,7
800,2,LuaJIT 2.1,1.505991484,4923681358,11484189699,2.33,0.04,38.71,7
800,2,No Check,2.860846845,9359109784,7464147482,0.80,0.13,51.89,7
800,2,Pallene,2.881850973,9432107188,16689116293,1.77,0.04,49.24,8
800,2,LuaJIT 2.1,1.501173271,4911815576,11484202802,2.34,0.04,38.69,8
800,2,No Check,2.825515109,9250584643,7464148855,0.81,0.13,52.24,8
800,2,Pallene,2.861294516,9361379080,16689115900,1.78,0.04,48.79,9
800,2,LuaJIT 2.1,1.508606906,4933155977,11484228631,2.33,0.04,38.45,9
800,2,No Check,2.855537821,9341713359,7464148379,0.80,0.13,52.23,9
800,2,Pallene,2.873652831,9405894355,16689118323,1.77,0.04,48.80,10
800,2,LuaJIT 2.1,1.511164653,4940268948,11484228670,2.32,0.04,38.41,10
800,2,No Check,2.887980988,9452942847,7464148547,0.79,0.13,52.00,10
800,2,Pallene,2.875028280,9407683721,16689117173,1.77,0.04,48.82,11
800,2,LuaJIT 2.1,1.502735476,4915913832,11484245512,2.34,0.04,39.47,11
800,2,No Check,2.858928760,9359717626,7464147755,0.80,0.13,52.39,11
800,2,Pallene,2.858470550,9351313014,16689117148,1.78,0.04,49.17,12
800,2,LuaJIT 2.1,1.501255541,4911578674,11484139057,2.34,0.04,39.50,12
800,2,No Check,2.819262916,9227761775,7464147488,0.81,0.13,52.13,12
800,2,Pallene,2.866775541,9378453026,16689116901,1.78,0.04,48.90,13
800,2,LuaJIT 2.1,1.503595713,4914897289,11484143908,2.34,0.04,39.19,13
800,2,No Check,2.933326942,9596260461,7464148253,0.78,0.13,51.22,13
800,2,Pallene,2.866072598,9380459431,16689117893,1.78,0.04,48.76,14
800,2,LuaJIT 2.1,1.510294725,4938144388,11484209034,2.33,0.04,38.66,14
800,2,No Check,2.877081444,9417164623,7464147148,0.79,0.13,51.90,14
800,2,Pallene,2.843001503,9304058752,16689116894,1.79,0.04,48.65,15
800,2,LuaJIT 2.1,1.496765518,4895499062,11484228821,2.35,0.04,38.48,15
800,2,No Check,2.851689302,9333227234,7464149255,0.80,0.13,50.76,15
800,2,Pallene,2.867425626,9380656584,16689116985,1.78,0.04,47.58,16
800,2,LuaJIT 2.1,1.507066563,4926097420,11484190725,2.33,0.04,38.56,16
800,2,No Check,2.893827236,9473349062,7464147500,0.79,0.13,50.88,16
800,2,Pallene,2.867925497,9385681037,16689117852,1.78,0.04,47.65,17
800,2,LuaJIT 2.1,1.509151707,4936046676,11484238185,2.33,0.04,38.22,17
800,2,No Check,2.879712404,9425288559,7464146930,0.79,0.13,50.84,17
800,2,Pallene,2.871606071,9398269045,16689117176,1.78,0.04,49.17,18
800,2,LuaJIT 2.1,1.507468136,4929208669,11484225238,2.33,0.04,39.32,18
800,2,No Check,2.844364840,9306553963,7464147235,0.80,0.13,50.65,18
800,2,Pallene,2.878625291,9419428526,16689117430,1.77,0.04,47.72,19
800,2,LuaJIT 2.1,1.509482302,4940018079,11484165298,2.32,0.04,39.32,19
800,2,No Check,2.865145630,9379245017,7464147010,0.80,0.13,50.58,19
800,2,Pallene,2.847025766,9316752461,16689117942,1.79,0.04,47.64,20
800,2,LuaJIT 2.1,1.503698597,4915174076,11484201357,2.34,0.04,38.60,20
800,2,No Check,2.856493908,9350075470,7464149414,0.80,0.13,50.69,20
800,2,Pallene,2.875030750,9405235513,16689117646,1.77,0.04,47.79,21
800,2,LuaJIT 2.1,1.512354261,4945436869,11484175953,2.32,0.04,38.55,21
800,2,No Check,2.832251417,9268298529,7464148250,0.81,0.13,51.72,21
800,2,Pallene,2.863121601,9368801949,16689117292,1.78,0.04,48.86,22
800,2,LuaJIT 2.1,1.509191941,4935300807,11484167715,2.33,0.04,38.31,22
800,2,No Check,2.864637230,9372495205,7464148151,0.80,0.13,50.75,22
800,2,Pallene,2.876747081,9409461437,16689117981,1.77,0.04,47.75,23
800,2,LuaJIT 2.1,1.515294543,4956993816,11484208077,2.32,0.04,38.55,23
800,2,No Check,2.879169591,9422787404,7464149032,0.79,0.13,50.85,23
800,2,Pallene,2.853445626,9338404217,16689118862,1.79,0.04,48.73,24
800,2,LuaJIT 2.1,1.510691857,4939479146,11484171245,2.32,0.04,39.25,24
800,2,No Check,2.851788365,9334412467,7464147429,0.80,0.13,51.75,24
800,2,Pallene,2.864749674,9373407199,16689117513,1.78,0.04,47.69,25
800,2,LuaJIT 2.1,1.510612024,4939392115,11484189704,2.33,0.04,38.07,25
800,2,No Check,2.845480998,9312448655,7464146891,0.80,0.13,51.67,25
800,2,Pallene,2.862765441,9368419326,16689117720,1.78,0.04,48.93,26
800,2,LuaJIT 2.1,1.504465642,4918681077,11484200933,2.33,0.04,38.41,26
800,2,No Check,2.860446613,9359412246,7464147819,0.80,0.13,50.81,26
800,2,Pallene,2.879975215,9424354931,16689116574,1.77,0.04,48.85,27
800,2,LuaJIT 2.1,1.503472482,4916449644,11484160398,2.34,0.04,38.83,27
800,2,No Check,2.844545497,9308305840,7464147407,0.80,0.13,51.76,27
800,2,Pallene,2.840582677,9294774813,16689117097,1.80,0.04,48.77,28
800,2,LuaJIT 2.1,1.500236225,4905194350,11484255416,2.34,0.04,39.39,28
800,2,No Check,2.841460322,9302288022,7464146739,0.80,0.13,51.63,28
800,2,Pallene,2.877918552,9415551426,16689117745,1.77,0.04,47.62,29
800,2,LuaJIT 2.1,1.506175120,4926177138,11484173133,2.33,0.04,38.35,29
800,2,No Check,2.814671680,9211875049,7464146413,0.81,0.13,52.10,29
800,2,Pallene,2.847618541,9317472664,16689117539,1.79,0.04,47.71,30
800,2,LuaJIT 2.1,1.501371317,4912667591,11484226248,2.34,0.04,38.57,30
800,2,No Check,2.834405704,9276337481,7464146692,0.80,0.13,50.73,30
800,2,Pallene,2.836847483,9284952533,16689117839,1.80,0.04,48.93,31
800,2,LuaJIT 2.1,1.497185834,4894465940,11484208685,2.35,0.04,39.07,31
800,2,No Check,2.811727447,9202706932,7464147198,0.81,0.13,51.88,31
800,2,Pallene,2.840689167,9299131542,16689117128,1.79,0.04,48.74,32
800,2,LuaJIT 2.1,1.497936786,4901884593,11484135132,2.34,0.04,39.04,32
800,2,No Check,2.813280240,9209842269,7464147200,0.81,0.13,51.76,32
800,2,Pallene,2.840034898,9294314382,16689116887,1.80,0.04,47.68,33
800,2,LuaJIT 2.1,1.496326235,4895120981,11484167836,2.35,0.04,38.79,33
800,2,No Check,2.860314674,9362700656,7464147897,0.80,0.13,51.75,33
800,2,Pallene,2.839338706,9291484365,16689117699,1.80,0.04,48.68,34
800,2,LuaJIT 2.1,1.505582686,4925052336,11484150428,2.33,0.04,38.99,34
800,2,No Check,2.836834905,9282543541,7464147177,0.80,0.13,51.67,34
800,2,Pallene,2.849607030,9325166805,16689117460,1.79,0.04,48.92,35
800,2,LuaJIT 2.1,1.513487289,4951770174,11484262388,2.32,0.04,38.60,35
800,2,No Check,2.856779826,9346925530,7464148182,0.80,0.13,50.73,35
800,2,Pallene,2.863127748,9364352173,16689116533,1.78,0.04,49.19,36
800,2,LuaJIT 2.1,1.511244656,4942093470,11484253342,2.32,0.04,38.95,36
800,2,No Check,2.838685891,9289495024,7464149003,0.80,0.13,50.64,36
800,2,Pallene,2.842974745,9303067891,16689116795,1.79,0.04,49.16,37
800,2,LuaJIT 2.1,1.639507502,5342143363,11484150989,2.15,0.04,40.44,37
800,2,No Check,3.103940899,10144895404,7464147055,0.74,0.13,53.21,37
800,2,Pallene,3.114696005,10189414962,16689117432,1.64,0.04,49.67,38
800,2,LuaJIT 2.1,1.714709156,5475392440,11484223960,2.10,0.04,40.51,38
800,2,No Check,3.120049474,10189020778,7464147099,0.73,0.13,53.33,38
800,2,Pallene,3.081445743,10059946868,16689117209,1.66,0.04,49.32,39
800,2,LuaJIT 2.1,1.669899206,5444452161,11484182703,2.11,0.04,40.60,39
800,2,No Check,2.835915700,9279068092,7464147694,0.80,0.13,50.79,39
800,2,Pallene,2.843561932,9302281425,16689117970,1.79,0.04,49.18,40
800,2,LuaJIT 2.1,1.492767531,4880679979,11484149593,2.35,0.04,39.45,40
800,2,No Check,2.833006672,9268349576,7464147295,0.81,0.13,50.73,40
800,2,Pallene,2.853911946,9340443399,16689117583,1.79,0.04,48.84,41
800,2,LuaJIT 2.1,1.490066294,4872012718,11484163282,2.36,0.04,38.46,41
800,2,No Check,2.842482609,9301495783,7464146321,0.80,0.13,51.88,41
800,2,Pallene,2.863752380,9367168046,16689117948,1.78,0.04,48.97,42
800,2,LuaJIT 2.1,1.479707872,4839133940,11484150651,2.37,0.04,38.54,42
800,2,No Check,2.826036373,9245228461,7464147774,0.81,0.13,52.26,42
